Period;Grupp;Serie;Medel;Min;Max
1995 april;Valutor mot svenska kronor;1 USD;7,34417;7,225;7,4375
1995 maj;Valutor mot svenska kronor;1 USD;7,29036;7,135;7,425
1995 juni;Valutor mot svenska kronor;1 USD;7,25962;7,2175;7,3775
1995 juli;Valutor mot svenska kronor;1 USD;7,17988;7,035;7,2725
1995 augusti;Valutor mot svenska kronor;1 USD;7,22837;7,0575;7,3825
1995 september;Valutor mot svenska kronor;1 USD;7,1425;6,945;7,3075
1995 oktober;Valutor mot svenska kronor;1 USD;6,8383;6,5875;6,98
1995 november;Valutor mot svenska kronor;1 USD;6,59761;6,4675;6,695
1995 december;Valutor mot svenska kronor;1 USD;6,62961;6,52;6,74
1996 januari;Valutor mot svenska kronor;1 USD;6,72216;6,5775;6,985
1996 februari;Valutor mot svenska kronor;1 USD;6,88155;6,655;7,0075
1996 mars;Valutor mot svenska kronor;1 USD;6,73321;6,615;6,86
1996 april;Valutor mot svenska kronor;1 USD;6,72412;6,6425;6,83
1996 maj;Valutor mot svenska kronor;1 USD;6,7995;6,7475;6,8575
1996 juni;Valutor mot svenska kronor;1 USD;6,68105;6,5975;6,76
1996 juli;Valutor mot svenska kronor;1 USD;6,6413;6,5425;6,7275
1996 augusti;Valutor mot svenska kronor;1 USD;6,61898;6,58;6,65
1996 september;Valutor mot svenska kronor;1 USD;6,64202;6,5525;6,7425
1996 oktober;Valutor mot svenska kronor;1 USD;6,59946;6,5575;6,645
1996 november;Valutor mot svenska kronor;1 USD;6,62226;6,5825;6,6975
1996 december;Valutor mot svenska kronor;1 USD;6,81444;6,715;6,87
1997 januari;Valutor mot svenska kronor;1 USD;7,05952;6,855;7,3125
1997 februari;Valutor mot svenska kronor;1 USD;7,39988;7,2775;7,51
1997 mars;Valutor mot svenska kronor;1 USD;7,65461;7,5425;7,745
1997 april;Valutor mot svenska kronor;1 USD;7,67886;7,5375;7,8275
1997 maj;Valutor mot svenska kronor;1 USD;7,67355;7,485;7,8875
1997 juni;Valutor mot svenska kronor;1 USD;7,74475;7,6825;7,795
1997 juli;Valutor mot svenska kronor;1 USD;7,80511;7,6975;7,955
1997 augusti;Valutor mot svenska kronor;1 USD;7,99667;7,805;8,0925
1997 september;Valutor mot svenska kronor;1 USD;7,70023;7,4825;7,9325
1997 oktober;Valutor mot svenska kronor;1 USD;7,57348;7,48;7,70
1997 november;Valutor mot svenska kronor;1 USD;7,56025;7,4475;7,755
1997 december;Valutor mot svenska kronor;1 USD;7,78461;7,735;7,87
1998 januari;Valutor mot svenska kronor;1 USD;8,00925;7,855;8,1275
1998 februari;Valutor mot svenska kronor;1 USD;8,07875;7,995;8,135
1998 mars;Valutor mot svenska kronor;1 USD;7,96648;7,875;8,06
1998 april;Valutor mot svenska kronor;1 USD;7,82425;7,6575;8,035
1998 maj;Valutor mot svenska kronor;1 USD;7,69145;7,59;7,83
1998 juni;Valutor mot svenska kronor;1 USD;7,9081;7,725;8,0575
1998 juli;Valutor mot svenska kronor;1 USD;7,98585;7,8625;8,11
1998 augusti;Valutor mot svenska kronor;1 USD;8,12786;7,9425;8,3475
1998 september;Valutor mot svenska kronor;1 USD;7,9117;7,80;8,115
1998 oktober;Valutor mot svenska kronor;1 USD;7,8508;7,73;8,0675
1998 november;Valutor mot svenska kronor;1 USD;7,9944;7,75;8,21
1998 december;Valutor mot svenska kronor;1 USD;8,05425;7,99;8,1575
1999 januari;Valutor mot svenska kronor;1 USD;7,82434;7,71;8,0675
1999 februari;Valutor mot svenska kronor;1 USD;7,94588;7,80;8,19
1999 mars;Valutor mot svenska kronor;1 USD;8,21663;8,105;8,3125
1999 april;Valutor mot svenska kronor;1 USD;8,32438;8,26;8,39
1999 maj;Valutor mot svenska kronor;1 USD;8,44276;8,29;8,605
1999 juni;Valutor mot svenska kronor;1 USD;8,5069;8,38;8,6575
1999 juli;Valutor mot svenska kronor;1 USD;8,4575;8,2125;8,615
1999 augusti;Valutor mot svenska kronor;1 USD;8,25682;8,12;8,3725
1999 september;Valutor mot svenska kronor;1 USD;8,22;8,1125;8,32
1999 oktober;Valutor mot svenska kronor;1 USD;8,14619;8,085;8,23
1999 november;Valutor mot svenska kronor;1 USD;8,33784;8,175;8,51
1999 december;Valutor mot svenska kronor;1 USD;8,4831;8,3575;8,60
2000 januari;Valutor mot svenska kronor;1 USD;8,4725;8,3425;8,76
2000 februari;Valutor mot svenska kronor;1 USD;8,64619;8,5425;8,845
2000 mars;Valutor mot svenska kronor;1 USD;8,69457;8,5325;8,805
2000 april;Valutor mot svenska kronor;1 USD;8,72083;8,6075;8,9275
2000 maj;Valutor mot svenska kronor;1 USD;9,08943;8,935;9,205
2000 juni;Valutor mot svenska kronor;1 USD;8,74329;8,575;8,9225
2000 juli;Valutor mot svenska kronor;1 USD;8,93464;8,805;9,1775
2000 augusti;Valutor mot svenska kronor;1 USD;9,27022;9,16;9,4575
2000 september;Valutor mot svenska kronor;1 USD;9,6569;9,3075;9,865
2000 oktober;Valutor mot svenska kronor;1 USD;9,96182;9,6275;10,31
2000 november;Valutor mot svenska kronor;1 USD;10,07795;9,87;10,3325
2000 december;Valutor mot svenska kronor;1 USD;9,66066;9,4975;9,9875
2001 januari;Valutor mot svenska kronor;1 USD;9,46693;9,265;9,65
2001 februari;Valutor mot svenska kronor;1 USD;9,73502;9,4425;9,9975
2001 mars;Valutor mot svenska kronor;1 USD;10,03159;9,685;10,4125
2001 april;Valutor mot svenska kronor;1 USD;10,19868;10,0525;10,41
2001 maj;Valutor mot svenska kronor;1 USD;10,33333;10,1925;10,7275
2001 juni;Valutor mot svenska kronor;1 USD;10,77526;10,5475;10,995
2001 juli;Valutor mot svenska kronor;1 USD;10,76659;10,55;10,98
2001 augusti;Valutor mot svenska kronor;1 USD;10,33435;10,0675;10,55
2001 september;Valutor mot svenska kronor;1 USD;10,60888;10,3775;10,855
2001 oktober;Valutor mot svenska kronor;1 USD;10,56304;10,4475;10,6625
2001 november;Valutor mot svenska kronor;1 USD;10,59648;10,4825;10,695
2001 december;Valutor mot svenska kronor;1 USD;10,55941;10,4525;10,7325
2002 januari;Valutor mot svenska kronor;1 USD;10,43977;10,2175;10,7275
2002 februari;Valutor mot svenska kronor;1 USD;10,56025;10,4225;10,695
2002 mars;Valutor mot svenska kronor;1 USD;10,33962;10,195;10,4875
2002 april;Valutor mot svenska kronor;1 USD;10,31048;10,22;10,3825
2002 maj;Valutor mot svenska kronor;1 USD;10,05188;9,725;10,27
2002 juni;Valutor mot svenska kronor;1 USD;9,55908;9,1625;9,7775
2002 juli;Valutor mot svenska kronor;1 USD;9,34;9,1275;9,6075
2002 augusti;Valutor mot svenska kronor;1 USD;9,46409;9,29;9,73
2002 september;Valutor mot svenska kronor;1 USD;9,35036;9,2125;9,44
2002 oktober;Valutor mot svenska kronor;1 USD;9,27935;9,195;9,3925
2002 november;Valutor mot svenska kronor;1 USD;9,06548;8,955;9,1625
2002 december;Valutor mot svenska kronor;1 USD;8,94583;8,805;9,075
2003 januari;Valutor mot svenska kronor;1 USD;8,63857;8,4975;8,80
2003 februari;Valutor mot svenska kronor;1 USD;8,49302;8,4225;8,638
2003 mars;Valutor mot svenska kronor;1 USD;8,52976;8,3775;8,675
2003 april;Valutor mot svenska kronor;1 USD;8,437;8,195;8,67
2003 maj;Valutor mot svenska kronor;1 USD;7,92288;7,71;8,115
2003 juni;Valutor mot svenska kronor;1 USD;7,81079;7,6575;8,0275
2003 juli;Valutor mot svenska kronor;1 USD;8,08065;7,965;8,25
2003 augusti;Valutor mot svenska kronor;1 USD;8,2825;8,065;8,54
2003 september;Valutor mot svenska kronor;1 USD;8,08614;7,6625;8,4925
2003 oktober;Valutor mot svenska kronor;1 USD;7,69663;7,5825;7,7775
2003 november;Valutor mot svenska kronor;1 USD;7,68312;7,5225;7,89
2003 december;Valutor mot svenska kronor;1 USD;7,36316;7,275;7,53
2004 januari;Valutor mot svenska kronor;1 USD;7,24925;7,075;7,4175
2004 februari;Valutor mot svenska kronor;1 USD;7,25988;7,1275;7,415
2004 mars;Valutor mot svenska kronor;1 USD;7,52435;7,365;7,6625
2004 april;Valutor mot svenska kronor;1 USD;7,65012;7,485;7,7475
2004 maj;Valutor mot svenska kronor;1 USD;7,60605;7,41;7,75
2004 juni;Valutor mot svenska kronor;1 USD;7,53321;7,3875;7,665
2004 juli;Valutor mot svenska kronor;1 USD;7,49307;7,3975;7,6625
2004 augusti;Valutor mot svenska kronor;1 USD;7,54443;7,4475;7,6625
2004 september;Valutor mot svenska kronor;1 USD;7,44841;7,355;7,565
2004 oktober;Valutor mot svenska kronor;1 USD;7,25571;7,0675;7,3725
2004 november;Valutor mot svenska kronor;1 USD;6,93898;6,725;7,1375
2004 december;Valutor mot svenska kronor;1 USD;6,70298;6,5825;6,8275
2005 januari;Valutor mot svenska kronor;1 USD;6,89962;6,6625;6,9925
2005 februari;Valutor mot svenska kronor;1 USD;6,97775;6,8225;7,1175
2005 mars;Valutor mot svenska kronor;1 USD;6,87548;6,74;7,06
2005 april;Valutor mot svenska kronor;1 USD;7,07964;7,0175;7,165
2005 maj;Valutor mot svenska kronor;1 USD;7,24821;7,08;7,3975
2005 juni;Valutor mot svenska kronor;1 USD;7,60788;7,4225;7,8275
2005 juli;Valutor mot svenska kronor;1 USD;7,8281;7,6975;7,9575
2005 augusti;Valutor mot svenska kronor;1 USD;7,60022;7,455;7,715
2005 september;Valutor mot svenska kronor;1 USD;7,62148;7,405;7,82
2005 oktober;Valutor mot svenska kronor;1 USD;7,83679;7,6775;7,99
2005 november;Valutor mot svenska kronor;1 USD;8,10818;7,9575;8,2525
2005 december;Valutor mot svenska kronor;1 USD;7,95238;7,8425;8,0975
2006 januari;Valutor mot svenska kronor;1 USD;7,69512;7,5375;7,935
2006 februari;Valutor mot svenska kronor;1 USD;7,819;7,61;7,9825
2006 mars;Valutor mot svenska kronor;1 USD;7,81739;7,665;7,945
2006 april;Valutor mot svenska kronor;1 USD;7,60639;7,4125;7,8325
2006 maj;Valutor mot svenska kronor;1 USD;7,31238;7,19;7,3975
2006 juni;Valutor mot svenska kronor;1 USD;7,294;7,085;7,37
2006 juli;Valutor mot svenska kronor;1 USD;7,26024;7,1475;7,42
2006 augusti;Valutor mot svenska kronor;1 USD;7,185;7,13;7,235
2006 september;Valutor mot svenska kronor;1 USD;7,27869;7,2225;7,3575
2006 oktober;Valutor mot svenska kronor;1 USD;7,33591;7,2425;7,4075
2006 november;Valutor mot svenska kronor;1 USD;7,06955;6,88;7,2275
2006 december;Valutor mot svenska kronor;1 USD;6,8375;6,7925;6,91
2007 januari;Valutor mot svenska kronor;1 USD;6,98227;6,79;7,0775
2007 februari;Valutor mot svenska kronor;1 USD;7,02288;6,9425;7,0925
2007 mars;Valutor mot svenska kronor;1 USD;7,02239;6,95;7,1125
2007 april;Valutor mot svenska kronor;1 USD;6,83895;6,72;7,005
2007 maj;Valutor mot svenska kronor;1 USD;6,81226;6,7175;6,9225
2007 juni;Valutor mot svenska kronor;1 USD;6,96461;6,875;7,0925
2007 juli;Valutor mot svenska kronor;1 USD;6,6992;6,6375;6,8325
2007 augusti;Valutor mot svenska kronor;1 USD;6,84652;6,68;7,0225
2007 september;Valutor mot svenska kronor;1 USD;6,69;6,495;6,92
2007 oktober;Valutor mot svenska kronor;1 USD;6,45326;6,365;6,525
2007 november;Valutor mot svenska kronor;1 USD;6,32739;6,2475;6,4025
2007 december;Valutor mot svenska kronor;1 USD;6,47118;6,38;6,595
2008 januari;Valutor mot svenska kronor;1 USD;6,41727;6,3125;6,6125
2008 februari;Valutor mot svenska kronor;1 USD;6,35262;6,165;6,52
2008 mars;Valutor mot svenska kronor;1 USD;6,06329;5,9475;6,175
2008 april;Valutor mot svenska kronor;1 USD;5,94784;5,8425;6,01
2008 maj;Valutor mot svenska kronor;1 USD;5,98917;5,90;6,075
2008 juni;Valutor mot svenska kronor;1 USD;6,02579;5,90;6,0875
2008 juli;Valutor mot svenska kronor;1 USD;5,99815;5,9475;6,0625
2008 augusti;Valutor mot svenska kronor;1 USD;6,27179;6,055;6,4025
2008 september;Valutor mot svenska kronor;1 USD;6,65045;6,4625;6,8125
2008 oktober;Valutor mot svenska kronor;1 USD;7,40522;6,88;8,085
2008 november;Valutor mot svenska kronor;1 USD;7,95512;7,6875;8,305
2008 december;Valutor mot svenska kronor;1 USD;8,00382;7,635;8,38
2009 januari;Valutor mot svenska kronor;1 USD;8,10638;7,79;8,4575
2009 februari;Valutor mot svenska kronor;1 USD;8,51962;8,125;9,0525
2009 mars;Valutor mot svenska kronor;1 USD;8,56966;7,965;9,22
2009 april;Valutor mot svenska kronor;1 USD;8,25312;7,8925;8,6625
2009 maj;Valutor mot svenska kronor;1 USD;7,76079;7,4725;8,0175
2009 juni;Valutor mot svenska kronor;1 USD;7,75357;7,4775;8,0125
2009 juli;Valutor mot svenska kronor;1 USD;7,69957;7,3525;7,965
2009 augusti;Valutor mot svenska kronor;1 USD;7,16702;7,0325;7,335
2009 september;Valutor mot svenska kronor;1 USD;7,0075;6,8125;7,2725
2009 oktober;Valutor mot svenska kronor;1 USD;6,95375;6,7725;7,0625
2009 november;Valutor mot svenska kronor;1 USD;6,92631;6,80;7,0925
2009 december;Valutor mot svenska kronor;1 USD;7,12438;6,825;7,3475
2010 januari;Valutor mot svenska kronor;1 USD;7,14105;7,02;7,3325
2010 februari;Valutor mot svenska kronor;1 USD;7,27062;7,135;7,48
2010 mars;Valutor mot svenska kronor;1 USD;7,16511;7,0775;7,2575
2010 april;Valutor mot svenska kronor;1 USD;7,206;7,1375;7,3125
2010 maj;Valutor mot svenska kronor;1 USD;7,69925;7,2825;8,0075
2010 juni;Valutor mot svenska kronor;1 USD;7,83679;7,6375;8,065
2010 juli;Valutor mot svenska kronor;1 USD;7,44682;7,2325;7,8225
2010 augusti;Valutor mot svenska kronor;1 USD;7,30364;7,0875;7,4825
2010 september;Valutor mot svenska kronor;1 USD;7,07295;6,71;7,365
2010 oktober;Valutor mot svenska kronor;1 USD;6,6756;6,54;6,7775
2010 november;Valutor mot svenska kronor;1 USD;6,81591;6,5325;7,0075
2010 december;Valutor mot svenska kronor;1 USD;6,85833;6,775;6,9875
2011 januari;Valutor mot svenska kronor;1 USD;6,676;6,4675;6,9225
2011 februari;Valutor mot svenska kronor;1 USD;6,44238;6,375;6,5175
2011 mars;Valutor mot svenska kronor;1 USD;6,35054;6,26;6,45
2011 april;Valutor mot svenska kronor;1 USD;6,21487;6,005;6,345
2011 maj;Valutor mot svenska kronor;1 USD;6,23886;6,0175;6,3725
2011 juni;Valutor mot svenska kronor;1 USD;6,33933;6,1425;6,5113
2011 juli;Valutor mot svenska kronor;1 USD;6,39731;6,2525;6,6652
2011 augusti;Valutor mot svenska kronor;1 USD;6,3968;6,2714;6,5436
2011 september;Valutor mot svenska kronor;1 USD;6,64146;6,3713;6,928
2011 oktober;Valutor mot svenska kronor;1 USD;6,65654;6,3644;6,9278
2011 november;Valutor mot svenska kronor;1 USD;6,74493;6,554;6,9678
2011 december;Valutor mot svenska kronor;1 USD;6,84548;6,7169;6,9759
2012 januari;Valutor mot svenska kronor;1 USD;6,84897;6,7464;6,9992
2012 februari;Valutor mot svenska kronor;1 USD;6,6706;6,5585;6,7934
2012 mars;Valutor mot svenska kronor;1 USD;6,7298;6,6116;6,847
2012 april;Valutor mot svenska kronor;1 USD;6,72956;6,5904;6,8258
2012 maj;Valutor mot svenska kronor;1 USD;7,02877;6,723;7,2352
2012 juni;Valutor mot svenska kronor;1 USD;7,07734;6,9632;7,285
2012 juli;Valutor mot svenska kronor;1 USD;6,95512;6,8029;7,0466
2012 augusti;Valutor mot svenska kronor;1 USD;6,68672;6,5816;6,7889
2012 september;Valutor mot svenska kronor;1 USD;6,61378;6,5284;6,7539
2012 oktober;Valutor mot svenska kronor;1 USD;6,6434;6,5508;6,7242
2012 november;Valutor mot svenska kronor;1 USD;6,70988;6,6256;6,7878
2012 december;Valutor mot svenska kronor;1 USD;6,61491;6,5005;6,69
2013 januari;Valutor mot svenska kronor;1 USD;6,49036;6,36;6,5663
2013 februari;Valutor mot svenska kronor;1 USD;6,36914;6,294;6,4735
2013 mars;Valutor mot svenska kronor;1 USD;6,43481;6,3366;6,5162
2013 april;Valutor mot svenska kronor;1 USD;6,48855;6,3608;6,6346
2013 maj;Valutor mot svenska kronor;1 USD;6,618;6,5053;6,6965
2013 juni;Valutor mot svenska kronor;1 USD;6,57694;6,4225;6,7396
2013 juli;Valutor mot svenska kronor;1 USD;6,61997;6,4517;6,836
2013 augusti;Valutor mot svenska kronor;1 USD;6,53522;6,4763;6,6072
2013 september;Valutor mot svenska kronor;1 USD;6,50098;6,333;6,6637
2013 oktober;Valutor mot svenska kronor;1 USD;6,41109;6,318;6,512
2013 november;Valutor mot svenska kronor;1 USD;6,58436;6,4946;6,6603
2013 december;Valutor mot svenska kronor;1 USD;6,54104;6,4998;6,6094
2014 januari;Valutor mot svenska kronor;1 USD;6,48381;6,4205;6,5709
2014 februari;Valutor mot svenska kronor;1 USD;6,49766;6,4382;6,5652
2014 mars;Valutor mot svenska kronor;1 USD;6,41399;6,3392;6,5068
2014 april;Valutor mot svenska kronor;1 USD;6,53985;6,4508;6,6051
2014 maj;Valutor mot svenska kronor;1 USD;6,56974;6,4895;6,6563
2014 juni;Valutor mot svenska kronor;1 USD;6,68451;6,6272;6,7459
2014 juli;Valutor mot svenska kronor;1 USD;6,81605;6,6833;6,8924
2014 augusti;Valutor mot svenska kronor;1 USD;6,89901;6,8491;6,9727
2014 september;Valutor mot svenska kronor;1 USD;7,12302;7,0041;7,2542
2014 oktober;Valutor mot svenska kronor;1 USD;7,23709;7,1547;7,3971
2014 november;Valutor mot svenska kronor;1 USD;7,41347;7,3752;7,4671
2014 december;Valutor mot svenska kronor;1 USD;7,60409;7,4455;7,8117
2015 januari;Valutor mot svenska kronor;1 USD;8,10959;7,8239;8,3051
2015 februari;Valutor mot svenska kronor;1 USD;8,3504;8,2483;8,426
2015 mars;Valutor mot svenska kronor;1 USD;8,53002;8,2748;8,7185
2015 april;Valutor mot svenska kronor;1 USD;8,65206;8,3179;8,839
2015 maj;Valutor mot svenska kronor;1 USD;8,33864;8,2031;8,4917
2015 juni;Valutor mot svenska kronor;1 USD;8,27593;8,0842;8,5743
2015 juli;Valutor mot svenska kronor;1 USD;8,5228;8,3027;8,6489
2015 augusti;Valutor mot svenska kronor;1 USD;8,54784;8,2832;8,7629
2015 september;Valutor mot svenska kronor;1 USD;8,36725;8,181;8,4607
2015 oktober;Valutor mot svenska kronor;1 USD;8,32214;8,1152;8,5365
2015 november;Valutor mot svenska kronor;1 USD;8,67578;8,5162;8,7395
2015 december;Valutor mot svenska kronor;1 USD;8,5082;8,3459;8,7025
2016 januari;Valutor mot svenska kronor;1 USD;8,53685;8,4089;8,6021
2016 februari;Valutor mot svenska kronor;1 USD;8,47192;8,3948;8,5651
2016 mars;Valutor mot svenska kronor;1 USD;8,36898;8,1472;8,612
2016 april;Valutor mot svenska kronor;1 USD;8,12042;8,0393;8,1796
2016 maj;Valutor mot svenska kronor;1 USD;8,21916;7,9202;8,3581
2016 juni;Valutor mot svenska kronor;1 USD;8,29894;8,1123;8,5096
2016 juli;Valutor mot svenska kronor;1 USD;8,56058;8,4209;8,6656
2016 augusti;Valutor mot svenska kronor;1 USD;8,47139;8,3492;8,5851
2016 september;Valutor mot svenska kronor;1 USD;8,53338;8,4258;8,6187
2016 oktober;Valutor mot svenska kronor;1 USD;8,79762;8,5679;9,037
2016 november;Valutor mot svenska kronor;1 USD;9,11263;8,902;9,2775
2016 december;Valutor mot svenska kronor;1 USD;9,2123;9,0655;9,3856
2017 januari;Valutor mot svenska kronor;1 USD;8,95154;8,8149;9,151
2017 februari;Valutor mot svenska kronor;1 USD;8,89864;8,7192;9,0402
2017 mars;Valutor mot svenska kronor;1 USD;8,91777;8,7637;9,0757
2017 april;Valutor mot svenska kronor;1 USD;8,94395;8,7602;9,0907
2017 maj;Valutor mot svenska kronor;1 USD;8,7851;8,677;8,8933
2017 juni;Valutor mot svenska kronor;1 USD;8,68578;8,469;8,7769
2017 juli;Valutor mot svenska kronor;1 USD;8,33249;8,1331;8,5093
2017 augusti;Valutor mot svenska kronor;1 USD;8,08381;7,9383;8,1789
2017 september;Valutor mot svenska kronor;1 USD;7,99993;7,9236;8,1535
2017 oktober;Valutor mot svenska kronor;1 USD;8,17247;8,0587;8,3555
2017 november;Valutor mot svenska kronor;1 USD;8,38662;8,2859;8,5222
2017 december;Valutor mot svenska kronor;1 USD;8,39863;8,2322;8,501
2018 januari;Valutor mot svenska kronor;1 USD;8,05381;7,8434;8,2178
2018 februari;Valutor mot svenska kronor;1 USD;8,032;7,855;8,256
2018 mars;Valutor mot svenska kronor;1 USD;8,23341;8,1697;8,3596
2018 april;Valutor mot svenska kronor;1 USD;8,4459;8,2988;8,6911
2018 maj;Valutor mot svenska kronor;1 USD;8,75994;8,5815;8,9143
2018 juni;Valutor mot svenska kronor;1 USD;8,79822;8,5932;8,9932
2018 juli;Valutor mot svenska kronor;1 USD;8,82253;8,7038;8,99
2018 augusti;Valutor mot svenska kronor;1 USD;9,06228;8,7984;9,186
2018 september;Valutor mot svenska kronor;1 USD;8,95718;8,7683;9,1363
2018 oktober;Valutor mot svenska kronor;1 USD;9,03491;8,9106;9,1648
2018 november;Valutor mot svenska kronor;1 USD;9,0556;8,9782;9,1405
2018 december;Valutor mot svenska kronor;1 USD;9,03282;8,9587;9,1104
2019 januari;Valutor mot svenska kronor;1 USD;8,9863;8,8685;9,0873
2019 februari;Valutor mot svenska kronor;1 USD;9,24949;9,0472;9,3402
2019 mars;Valutor mot svenska kronor;1 USD;9,28867;9,1499;9,4777
2019 april;Valutor mot svenska kronor;1 USD;9,3231;9,2251;9,5166
2019 maj;Valutor mot svenska kronor;1 USD;9,6041;9,5418;9,6844
2019 juni;Valutor mot svenska kronor;1 USD;9,4093;9,2675;9,553
2019 juli;Valutor mot svenska kronor;1 USD;9,40947;9,3066;9,5637
2019 augusti;Valutor mot svenska kronor;1 USD;9,64401;9,5442;9,7905
2019 september;Valutor mot svenska kronor;1 USD;9,7164;9,6066;9,88
2019 oktober;Valutor mot svenska kronor;1 USD;9,77626;9,5753;9,9336
2019 november;Valutor mot svenska kronor;1 USD;9,63736;9,5506;9,739
2019 december;Valutor mot svenska kronor;1 USD;9,44239;9,3171;9,5702
2020 januari;Valutor mot svenska kronor;1 USD;9,50984;9,3341;9,6605
2020 februari;Valutor mot svenska kronor;1 USD;9,6885;9,5698;9,8108
2020 mars;Valutor mot svenska kronor;1 USD;9,80385;9,3945;10,4371
2020 april;Valutor mot svenska kronor;1 USD;10,02276;9,8463;10,1524
2020 maj;Valutor mot svenska kronor;1 USD;9,74258;9,4682;9,9052
2020 juni;Valutor mot svenska kronor;1 USD;9,30359;9,1512;9,4225
2020 juli;Valutor mot svenska kronor;1 USD;9,04981;8,6536;9,334
2020 augusti;Valutor mot svenska kronor;1 USD;8,7148;8,6419;8,7839
2020 september;Valutor mot svenska kronor;1 USD;8,8373;8,6191;9,1129
2020 oktober;Valutor mot svenska kronor;1 USD;8,83982;8,7246;8,9416
2020 november;Valutor mot svenska kronor;1 USD;8,6483;8,4813;8,93
2020 december;Valutor mot svenska kronor;1 USD;8,37874;8,1886;8,5233
2021 januari;Valutor mot svenska kronor;1 USD;8,29705;8,1876;8,4053
2021 februari;Valutor mot svenska kronor;1 USD;8,3338;8,2526;8,4478
2021 mars;Valutor mot svenska kronor;1 USD;8,54124;8,3892;8,7239
2021 april;Valutor mot svenska kronor;1 USD;8,48466;8,3451;8,7436
2021 maj;Valutor mot svenska kronor;1 USD;8,35076;8,2665;8,5016
2021 juni;Valutor mot svenska kronor;1 USD;8,39033;8,2477;8,6269
2021 juli;Valutor mot svenska kronor;1 USD;8,6278;8,5279;8,7311
2021 augusti;Valutor mot svenska kronor;1 USD;8,6777;8,5855;8,8216
2021 september;Valutor mot svenska kronor;1 USD;8,63883;8,5494;8,7911
2021 oktober;Valutor mot svenska kronor;1 USD;8,67272;8,5195;8,796
2021 november;Valutor mot svenska kronor;1 USD;8,80117;8,5224;9,1618
2021 december;Valutor mot svenska kronor;1 USD;9,09142;9,0305;9,151
2022 januari;Valutor mot svenska kronor;1 USD;9,13834;8,9129;9,4369
2022 februari;Valutor mot svenska kronor;1 USD;9,29104;9,1008;9,5289
2022 mars;Valutor mot svenska kronor;1 USD;9,57152;9,2641;9,9855
2022 april;Valutor mot svenska kronor;1 USD;9,54048;9,3791;9,8657
2022 maj;Valutor mot svenska kronor;1 USD;9,92973;9,7667;10,1327
2022 juni;Valutor mot svenska kronor;1 USD;10,02503;9,6968;10,2683
2022 juli;Valutor mot svenska kronor;1 USD;10,38347;10,1362;10,6538
2022 augusti;Valutor mot svenska kronor;1 USD;10,37685;10,0318;10,718
2022 september;Valutor mot svenska kronor;1 USD;10,88084;10,4609;11,4328
2022 oktober;Valutor mot svenska kronor;1 USD;11,129;10,8692;11,3642
2022 november;Valutor mot svenska kronor;1 USD;10,67112;10,3678;11,1763
2022 december;Valutor mot svenska kronor;1 USD;10,37591;10,2074;10,4954
2023 januari;Valutor mot svenska kronor;1 USD;10,37384;10,20;10,5391
2023 februari;Valutor mot svenska kronor;1 USD;10,43162;10,3078;10,6244
2023 mars;Valutor mot svenska kronor;1 USD;10,47417;10,2535;10,7657
2023 april;Valutor mot svenska kronor;1 USD;10,33565;10,2507;10,4718
2023 maj;Valutor mot svenska kronor;1 USD;10,4447;10,1522;10,8339
2023 juni;Valutor mot svenska kronor;1 USD;10,76308;10,6039;10,9055
2023 juli;Valutor mot svenska kronor;1 USD;10,52416;10,1805;10,9421
2023 augusti;Valutor mot svenska kronor;1 USD;10,81891;10,5736;11,0273
2023 september;Valutor mot svenska kronor;1 USD;11,08553;10,8413;11,1926
2023 oktober;Valutor mot svenska kronor;1 USD;11,02365;10,8812;11,2015
2023 november;Valutor mot svenska kronor;1 USD;10,69881;10,34638;11,1795
2023 december;Valutor mot svenska kronor;1 USD;10,27675;9,9318;10,502
2024 januari;Valutor mot svenska kronor;1 USD;10,34719;10,18118;10,49265
2024 februari;Valutor mot svenska kronor;1 USD;10,42206;10,29073;10,59527
2024 mars;Valutor mot svenska kronor;1 USD;10,39886;10,21222;10,66044
2024 april;Valutor mot svenska kronor;1 USD;10,80559;10,52901;10,97885
2024 maj;Valutor mot svenska kronor;1 USD;10,73795;10,52433;10,92153
2024 juni;Valutor mot svenska kronor;1 USD;10,49285;10,37576;10,6114
2024 juli;Valutor mot svenska kronor;1 USD;10,63475;10,49566;10,85061
2024 augusti;Valutor mot svenska kronor;1 USD;10,40418;10,19154;10,69156
2024 september;Valutor mot svenska kronor;1 USD;10,22709;10,09289;10,37309
2024 oktober;Valutor mot svenska kronor;1 USD;10,46001;10,20612;10,69441
2024 november;Valutor mot svenska kronor;1 USD;10,89766;10,66743;11,09585
2024 december;Valutor mot svenska kronor;1 USD;10,96938;10,89028;11,04975
2025 januari;Valutor mot svenska kronor;1 USD;11,09257;10,91738;11,28211
2025 februari;Valutor mot svenska kronor;1 USD;10,80266;10,6178;11,17481
2025 mars;Valutor mot svenska kronor;1 USD;10,15009;9,9746;10,65456
2025 april;Valutor mot svenska kronor;1 USD;9,7892;9,51142;10,10121
2025 maj;Valutor mot svenska kronor;1 USD;9,64919;9,51894;9,80056
2025 juni;Valutor mot svenska kronor;1 USD;9,55273;9,43203;9,73108
2025 juli;Valutor mot svenska kronor;1 USD;9,59089;9,44877;9,76855
2025 augusti;Valutor mot svenska kronor;1 USD;9,59589;9,48276;9,81805
2025 september;Valutor mot svenska kronor;1 USD;9,37643;9,25764;9,46038
2025 oktober;Valutor mot svenska kronor;1 USD;9,43225;9,36064;9,55423
2025 november;Valutor mot svenska kronor;1 USD;9,50815;9,41604;9,5871
2025 december;Valutor mot svenska kronor;1 USD;9,31823;9,18038;9,4597
2026 januari;Valutor mot svenska kronor;1 USD;9,09636;8,82666;9,24811
2026 februari;Valutor mot svenska kronor;1 USD;8,99473;8,87731;9,09683
2026 mars;Valutor mot svenska kronor;1 USD;9,31101;9,1109;9,51731
2026 april;Valutor mot svenska kronor;1 USD;9,25606;9,13529;9,50939
